﻿<?xml version="1.0" encoding="utf-8"?>
<deployment>
  <id>ea683ce1-fcae-4575-bf8d-ea3523506a1a</id>
  <author>N/A</author>
  <deployer>Push-Deployer</deployer>
  <authorEmail>N/A</authorEmail>
  <message>Created via a push deployment</message>
  <progress></progress>
  <status>Success</status>
  <statusText></statusText>
  <lastSuccessEndTime>2025-12-22T15:08:34.9381052Z</lastSuccessEndTime>
  <receivedTime>2025-12-22T15:08:31.2800626Z</receivedTime>
  <startTime>2025-12-22T15:08:32.845774Z</startTime>
  <endTime>2025-12-22T15:08:34.9381052Z</endTime>
  <complete>True</complete>
  <is_temp>False</is_temp>
  <is_readonly>True</is_readonly>
  <buildSummary />
</deployment>