﻿<?xml version="1.0" encoding="utf-8"?>
<deployment>
  <id>83c447b6-ec23-49a6-8e72-3effd7a812f8</id>
  <author>N/A</author>
  <deployer>Push-Deployer</deployer>
  <authorEmail>N/A</authorEmail>
  <message>Created via a push deployment</message>
  <progress></progress>
  <status>Success</status>
  <statusText></statusText>
  <lastSuccessEndTime>2025-12-22T14:15:57.2266709Z</lastSuccessEndTime>
  <receivedTime>2025-12-22T14:15:53.6888966Z</receivedTime>
  <startTime>2025-12-22T14:15:55.1997659Z</startTime>
  <endTime>2025-12-22T14:15:57.2266709Z</endTime>
  <complete>True</complete>
  <is_temp>False</is_temp>
  <is_readonly>True</is_readonly>
  <buildSummary />
</deployment>