﻿<?xml version="1.0" encoding="utf-8"?>
<deployment>
  <id>a6bbc2b7-dccb-4c4a-83fb-a337c4115d95</id>
  <author>N/A</author>
  <deployer>az_cli_functions</deployer>
  <authorEmail>N/A</authorEmail>
  <message>Created via a push deployment</message>
  <progress></progress>
  <status>Success</status>
  <statusText></statusText>
  <lastSuccessEndTime>2025-12-22T16:49:39.0861891Z</lastSuccessEndTime>
  <receivedTime>2025-12-22T16:49:35.1677651Z</receivedTime>
  <startTime>2025-12-22T16:49:36.5761Z</startTime>
  <endTime>2025-12-22T16:49:39.0861891Z</endTime>
  <complete>True</complete>
  <is_temp>False</is_temp>
  <is_readonly>True</is_readonly>
  <buildSummary />
</deployment>