﻿<?xml version="1.0" encoding="utf-8"?>
<deployment>
  <id>75af9524-99e1-4eba-a54b-1d8da3ead32d</id>
  <author>N/A</author>
  <deployer>az_cli_functions</deployer>
  <authorEmail>N/A</authorEmail>
  <message>Created via a push deployment</message>
  <progress></progress>
  <status>Success</status>
  <statusText></statusText>
  <lastSuccessEndTime>2025-12-22T16:37:23.8698261Z</lastSuccessEndTime>
  <receivedTime>2025-12-22T16:37:18.2115772Z</receivedTime>
  <startTime>2025-12-22T16:37:20.1153617Z</startTime>
  <endTime>2025-12-22T16:37:23.8698261Z</endTime>
  <complete>True</complete>
  <is_temp>False</is_temp>
  <is_readonly>True</is_readonly>
  <buildSummary />
</deployment>