<step title="Incoming Request" date="2025-12-16T22:50:43.008" instance="f0e560" url="/api/zipdeploy" method="POST" type="request" pid="772,1,5" Host="funtranslatorapizineb.scm.azurewebsites.net" User-Agent="functions-core-tools/4.4.0" Authorization="Bea..." Content-Type="application/zip" If-Match="*" Content-Length="133296" X-ARR-LOG-ID="c7483196-7ce8-40fc-ba06-3c47ad37019e" CLIENT-IP="52.178.13.125:39920" X-SITE-DEPLOYMENT-ID="funtranslatorapizineb" WAS-DEFAULT-HOSTNAME="funtranslatorapizineb.scm.azurewebsites.net" X-Forwarded-Proto="https" X-AppService-Proto="https" X-Forwarded-TlsVersion="1.3" X-WAWS-Unencoded-URL="/api/zipdeploy" X-Client-IP="52.178.13.125" X-Client-Port="39920" >
  <step title="ZipPushDeploy" date="2025-12-16T22:50:43.246" >
    <step title="Functions App ZipDeploy. Run from package." date="2025-12-16T22:50:43.252" /><!-- duration: 5ms -->
    <step title="None repository commit" date="2025-12-16T22:50:43.264" >
      <step title="Commit id: e1eea651-69c7-488e-a88e-b31066bb725c" date="2025-12-16T22:50:43.267" Message="N/A" AuthorName="N/A" AuthorEmail="N/A" /><!-- duration: 2ms -->
    </step><!-- duration: 8ms -->
    <step title="Starting PushDeployAsync" date="2025-12-16T22:50:43.274" /><!-- duration: 3ms -->
    <step title="WEBSITE_RUN_FROM_PACKAGE is set to 1. Writing zip to SitePackagesPath" date="2025-12-16T22:50:43.287" /><!-- duration: 8ms -->
    <step title="Copying zip to SitePackages /home/data/SitePackages/20251216225043.zip from request body" date="2025-12-16T22:50:43.353" /><!-- duration: 11ms -->
    <step title="Writing multipart request body to /home/data/SitePackages/20251216225043.zip" date="2025-12-16T22:50:43.368" /><!-- duration: 5ms -->
    <step title="Attempting to fetch target branch HEAD" date="2025-12-16T22:50:43.516" /><!-- duration: 2ms -->
    <step title="Acquiring Deployment Lock" date="2025-12-16T22:50:43.525" /><!-- duration: 6ms -->
    <step title="Acquired Deployment Lock" date="2025-12-16T22:50:43.587" /><!-- duration: 3ms -->
    <step title="Performing fetch based deployment" date="2025-12-16T22:50:43.595" >
      <step title="Creating temporary deployment" date="2025-12-16T22:50:43.603" /><!-- duration: 79ms -->
      <step title="Releasing Deployment Lock" date="2025-12-16T22:50:44.914" /><!-- duration: 9ms -->
      <step title="None repository commit" date="2025-12-16T22:50:44.972" >
        <step title="Commit id: e1eea651-69c7-488e-a88e-b31066bb725c" date="2025-12-16T22:50:44.974" Message="Created via a push deployment" AuthorName="N/A" AuthorEmail="N/A" /><!-- duration: 3ms -->
      </step><!-- duration: 8ms -->
      <step title="Deployment timer started" date="2025-12-16T22:50:47.040" >
        <step title="DeploymentManager.Deploy(id:e1eea651-69c7-488e-a88e-b31066bb725c)" date="2025-12-16T22:50:47.051" >
          <step title="Collecting changeset information" date="2025-12-16T22:50:47.090" /><!-- duration: 141ms -->
          <step title="Updating submodules" date="2025-12-16T22:50:47.236" /><!-- duration: 1197ms -->
          <step title="Determining deployment builder" date="2025-12-16T22:50:48.744" >
            <step title="Builder is RunFromZipSiteBuilder" date="2025-12-16T22:50:48.751" /><!-- duration: 9ms -->
          </step><!-- duration: 19ms -->
          <step title="PreDeployment: context.CleanOutputPath False" date="2025-12-16T22:50:48.824" >
            <step title="PreDeployment: context.OutputPath /home/site/wwwroot" date="2025-12-16T22:50:48.966" >
              <step title="Building" date="2025-12-16T22:50:49.130" >
                <step title="Triggering recycle (preview mode disabled)." date="2025-12-16T22:50:49.686" /><!-- duration: 3ms -->
                <step title="Modified file to trigger a restart of the app container." date="2025-12-16T22:50:49.766" /><!-- duration: 9ms -->
                <step title="Skip function trigger and logicapp sync because sku (Basic) is not dynamic (consumption plan)." date="2025-12-16T22:50:49.835" /><!-- duration: 10ms -->
              </step><!-- duration: 1615ms -->
            </step><!-- duration: 1783ms -->
            <step title="Cleaning up temp files" date="2025-12-16T22:50:50.753" /><!-- duration: 3ms -->
            <step title="Cleaning up temp files" date="2025-12-16T22:50:50.768" /><!-- duration: 505ms -->
            <step title="Reloading status file with latest updates" date="2025-12-16T22:50:51.320" >
              <step title="WebHooksManager.PublishEventAsync: PostDeployment" date="2025-12-16T22:50:51.330" /><!-- duration: 149ms -->
            </step><!-- duration: 162ms -->
            <step title="Cleaning up temporary deployment - fetch deployment was successful" date="2025-12-16T22:50:51.488" /><!-- duration: 3ms -->
          </step><!-- duration: 2751ms -->
        </step><!-- duration: 4530ms -->
        <step title="Outgoing response" date="2025-12-16T22:50:51.593" type="response" statusCode="200" statusText="OK" /><!-- duration: 3ms -->
      </step><!-- duration: 4559ms -->
