<step title="Incoming Request" date="2025-12-22T16:49:30.617" instance="f0e560" url="/api/zipdeploy?isAsync=true&amp;Deployer=az_cli_functions" method="POST" type="request" pid="770,1,16" Accept="*/*" Host="funtranslatorapizineb.scm.azurewebsites.net" User-Agent="AZURECLI/2.81.0 (HOMEBREW)" Accept-Encoding="gzip, deflate" Authorization="Bea..." Cache-Control="no-cache" Content-Type="application/octet-stream" Content-Length="5795" x-ms-client-request-id="26f588ba-df56-11f0-b8b4-acde48001122" X-ARR-LOG-ID="26f588ba-df56-11f0-b8b4-acde48001122" CLIENT-IP="197.230.166.242:3229" X-SITE-DEPLOYMENT-ID="funtranslatorapizineb" WAS-DEFAULT-HOSTNAME="funtranslatorapizineb.scm.azurewebsites.net" X-Forwarded-Proto="https" X-AppService-Proto="https" X-Forwarded-TlsVersion="1.3" X-WAWS-Unencoded-URL="/api/zipdeploy?isAsync=true&amp;Deployer=az_cli_functions" X-Client-IP="197.230.166.242" X-Client-Port="3229" >
  <step title="ZipPushDeploy" date="2025-12-22T16:49:31.317" >
    <step title="Functions App ZipDeploy. Run from package." date="2025-12-22T16:49:31.325" /><!-- duration: 3ms -->
    <step title="None repository commit" date="2025-12-22T16:49:31.334" >
      <step title="Commit id: a6bbc2b7-dccb-4c4a-83fb-a337c4115d95" date="2025-12-22T16:49:31.336" Message="N/A" AuthorName="N/A" AuthorEmail="N/A" /><!-- duration: 2ms -->
    </step><!-- duration: 7ms -->
    <step title="Starting PushDeployAsync" date="2025-12-22T16:49:31.343" /><!-- duration: 3ms -->
    <step title="WEBSITE_RUN_FROM_PACKAGE is set to 1. Writing zip to SitePackagesPath" date="2025-12-22T16:49:31.356" /><!-- duration: 3ms -->
    <step title="Copying zip to SitePackages /home/data/SitePackages/20251222164931.zip from request body" date="2025-12-22T16:49:31.366" /><!-- duration: 10ms -->
    <step title="Writing multipart request body to /home/data/SitePackages/20251222164931.zip" date="2025-12-22T16:49:31.385" /><!-- duration: 26ms -->
    <step title="Deleting outdated zip file /home/data/SitePackages/20251222162918.zip" date="2025-12-22T16:49:31.541" /><!-- duration: 50ms -->
    <step title="Start deployment in the background" date="2025-12-22T16:49:31.602" >
      <step title="Acquiring Deployment Lock" date="2025-12-22T16:49:31.639" /><!-- duration: 27ms -->
      <step title="Acquired Deployment Lock" date="2025-12-22T16:49:31.713" /><!-- duration: 2ms -->
    </step><!-- duration: 199ms -->
  </step><!-- duration: 494ms -->
  <step title="Outgoing response" date="2025-12-22T16:49:31.832" type="response" statusCode="202" statusText="Accepted" /><!-- duration: 3ms -->
</step><!-- duration: 1220ms -->
