<step title="Incoming Request" date="2025-12-22T16:55:40.581" instance="f0e560" url="/api/zipdeploy?isAsync=true&amp;Deployer=az_cli_functions" method="POST" type="request" pid="770,1,5" Accept="*/*" Host="funtranslatorapizineb.scm.azurewebsites.net" User-Agent="AZURECLI/2.81.0 (HOMEBREW)" Accept-Encoding="gzip, deflate" Authorization="Bea..." Cache-Control="no-cache" Content-Type="application/octet-stream" Content-Length="6282" x-ms-client-request-id="03abbdce-df57-11f0-80a2-acde48001122" X-ARR-LOG-ID="03abbdce-df57-11f0-80a2-acde48001122" CLIENT-IP="197.230.166.242:5021" X-SITE-DEPLOYMENT-ID="funtranslatorapizineb" WAS-DEFAULT-HOSTNAME="funtranslatorapizineb.scm.azurewebsites.net" X-Forwarded-Proto="https" X-AppService-Proto="https" X-Forwarded-TlsVersion="1.3" X-WAWS-Unencoded-URL="/api/zipdeploy?isAsync=true&amp;Deployer=az_cli_functions" X-Client-IP="197.230.166.242" X-Client-Port="5021" >
  <step title="ZipPushDeploy" date="2025-12-22T16:55:42.059" >
    <step title="Functions App ZipDeploy. Run from package." date="2025-12-22T16:55:42.068" /><!-- duration: 2ms -->
    <step title="None repository commit" date="2025-12-22T16:55:42.074" >
      <step title="Commit id: 2cc3c503-1672-4b36-afe2-30df62e0b045" date="2025-12-22T16:55:42.077" Message="N/A" AuthorName="N/A" AuthorEmail="N/A" /><!-- duration: 3ms -->
    </step><!-- duration: 10ms -->
    <step title="Starting PushDeployAsync" date="2025-12-22T16:55:42.087" /><!-- duration: 2ms -->
    <step title="WEBSITE_RUN_FROM_PACKAGE is set to 1. Writing zip to SitePackagesPath" date="2025-12-22T16:55:42.259" /><!-- duration: 3ms -->
    <step title="Copying zip to SitePackages /home/data/SitePackages/20251222165542.zip from request body" date="2025-12-22T16:55:42.267" /><!-- duration: 2ms -->
    <step title="Writing multipart request body to /home/data/SitePackages/20251222165542.zip" date="2025-12-22T16:55:42.272" /><!-- duration: 2ms -->
    <step title="Deleting outdated zip file /home/data/SitePackages/20251222164036.zip" date="2025-12-22T16:55:42.351" /><!-- duration: 10ms -->
    <step title="Start deployment in the background" date="2025-12-22T16:55:42.389" >
      <step title="Acquiring Deployment Lock" date="2025-12-22T16:55:42.427" /><!-- duration: 9ms -->
      <step title="Acquired Deployment Lock" date="2025-12-22T16:55:42.520" /><!-- duration: 3ms -->
    </step><!-- duration: 225ms -->
  </step><!-- duration: 570ms -->
  <step title="Outgoing response" date="2025-12-22T16:55:42.670" type="response" statusCode="202" statusText="Accepted" /><!-- duration: 3ms -->
</step><!-- duration: 2093ms -->
