<step title="Incoming Request" date="2025-12-18T10:13:14.067" instance="f0e560" url="/api/zipdeploy" method="POST" type="request" pid="770,1,7" Host="funtranslatorapizineb.scm.azurewebsites.net" User-Agent="functions-core-tools/4.4.0" Authorization="Bea..." Content-Type="application/zip" If-Match="*" Content-Length="805296" X-ARR-LOG-ID="98676d04-cc88-42e6-b2fd-8cd790e8cf94" CLIENT-IP="108.142.162.20:24360" X-SITE-DEPLOYMENT-ID="funtranslatorapizineb" WAS-DEFAULT-HOSTNAME="funtranslatorapizineb.scm.azurewebsites.net" X-Forwarded-Proto="https" X-AppService-Proto="https" X-Forwarded-TlsVersion="1.3" X-WAWS-Unencoded-URL="/api/zipdeploy" X-Client-IP="108.142.162.20" X-Client-Port="24360" >
  <step title="ZipPushDeploy" date="2025-12-18T10:13:14.146" >
    <step title="Functions App ZipDeploy. Run from package." date="2025-12-18T10:13:14.156" /><!-- duration: 3ms -->
    <step title="None repository commit" date="2025-12-18T10:13:14.167" >
      <step title="Commit id: 2a8c610e-58f5-4e8b-bee3-70964fb16c28" date="2025-12-18T10:13:14.169" Message="N/A" AuthorName="N/A" AuthorEmail="N/A" /><!-- duration: 9ms -->
    </step><!-- duration: 13ms -->
    <step title="Starting PushDeployAsync" date="2025-12-18T10:13:14.186" /><!-- duration: 2ms -->
    <step title="WEBSITE_RUN_FROM_PACKAGE is set to 1. Writing zip to SitePackagesPath" date="2025-12-18T10:13:14.207" /><!-- duration: 15ms -->
    <step title="Copying zip to SitePackages /home/data/SitePackages/20251218101314.zip from request body" date="2025-12-18T10:13:14.233" /><!-- duration: 19ms -->
    <step title="Writing multipart request body to /home/data/SitePackages/20251218101314.zip" date="2025-12-18T10:13:14.265" /><!-- duration: 17ms -->
    <step title="Attempting to fetch target branch HEAD" date="2025-12-18T10:13:14.498" /><!-- duration: 2ms -->
    <step title="Acquiring Deployment Lock" date="2025-12-18T10:13:14.525" /><!-- duration: 12ms -->
    <step title="Acquired Deployment Lock" date="2025-12-18T10:13:14.683" /><!-- duration: 5ms -->
    <step title="Performing fetch based deployment" date="2025-12-18T10:13:14.714" >
      <step title="Creating temporary deployment" date="2025-12-18T10:13:14.718" /><!-- duration: 108ms -->
      <step title="Releasing Deployment Lock" date="2025-12-18T10:13:16.034" /><!-- duration: 7ms -->
      <step title="None repository commit" date="2025-12-18T10:13:16.099" >
        <step title="Commit id: 2a8c610e-58f5-4e8b-bee3-70964fb16c28" date="2025-12-18T10:13:16.102" Message="Created via a push deployment" AuthorName="N/A" AuthorEmail="N/A" /><!-- duration: 2ms -->
      </step><!-- duration: 7ms -->
      <step title="Deployment timer started" date="2025-12-18T10:13:18.139" >
        <step title="DeploymentManager.Deploy(id:2a8c610e-58f5-4e8b-bee3-70964fb16c28)" date="2025-12-18T10:13:18.150" >
          <step title="Collecting changeset information" date="2025-12-18T10:13:18.174" /><!-- duration: 89ms -->
          <step title="Updating submodules" date="2025-12-18T10:13:18.267" /><!-- duration: 1160ms -->
          <step title="Determining deployment builder" date="2025-12-18T10:13:19.699" >
            <step title="Builder is RunFromZipSiteBuilder" date="2025-12-18T10:13:19.710" /><!-- duration: 2ms -->
          </step><!-- duration: 20ms -->
          <step title="PreDeployment: context.CleanOutputPath False" date="2025-12-18T10:13:19.815" >
            <step title="PreDeployment: context.OutputPath /home/site/wwwroot" date="2025-12-18T10:13:19.981" >
              <step title="Building" date="2025-12-18T10:13:20.184" >
                <step title="Triggering recycle (preview mode disabled)." date="2025-12-18T10:13:20.688" /><!-- duration: 3ms -->
                <step title="Modified file to trigger a restart of the app container." date="2025-12-18T10:13:20.746" /><!-- duration: 3ms -->
                <step title="Skip function trigger and logicapp sync because sku (Basic) is not dynamic (consumption plan)." date="2025-12-18T10:13:20.778" /><!-- duration: 8ms -->
              </step><!-- duration: 1744ms -->
            </step><!-- duration: 1951ms -->
            <step title="Cleaning up temp files" date="2025-12-18T10:13:21.935" /><!-- duration: 3ms -->
            <step title="Cleaning up temp files" date="2025-12-18T10:13:21.946" /><!-- duration: 518ms -->
            <step title="Reloading status file with latest updates" date="2025-12-18T10:13:22.487" >
              <step title="WebHooksManager.PublishEventAsync: PostDeployment" date="2025-12-18T10:13:22.491" /><!-- duration: 144ms -->
            </step><!-- duration: 158ms -->
            <step title="Cleaning up temporary deployment - fetch deployment was successful" date="2025-12-18T10:13:22.657" /><!-- duration: 7ms -->
          </step><!-- duration: 2938ms -->
        </step><!-- duration: 4609ms -->
        <step title="Outgoing response" date="2025-12-18T10:13:22.787" type="response" statusCode="200" statusText="OK" /><!-- duration: 2ms -->
      </step><!-- duration: 4657ms -->
