<step title="Incoming Request" date="2025-12-22T16:44:42.551" instance="f0e560" url="/api/zipdeploy?isAsync=true&amp;Deployer=az_cli_functions" method="POST" type="request" pid="768,1,5" Accept="*/*" Host="funtranslatorapizineb.scm.azurewebsites.net" User-Agent="AZURECLI/2.81.0 (HOMEBREW)" Accept-Encoding="gzip, deflate" Authorization="Bea..." Cache-Control="no-cache" Content-Type="application/octet-stream" Content-Length="5757" x-ms-client-request-id="7a0de584-df55-11f0-836f-acde48001122" X-ARR-LOG-ID="7a0de584-df55-11f0-836f-acde48001122" CLIENT-IP="197.230.166.242:41629" X-SITE-DEPLOYMENT-ID="funtranslatorapizineb" WAS-DEFAULT-HOSTNAME="funtranslatorapizineb.scm.azurewebsites.net" X-Forwarded-Proto="https" X-AppService-Proto="https" X-Forwarded-TlsVersion="1.3" X-WAWS-Unencoded-URL="/api/zipdeploy?isAsync=true&amp;Deployer=az_cli_functions" X-Client-IP="197.230.166.242" X-Client-Port="41629" >
  <step title="ZipPushDeploy" date="2025-12-22T16:44:43.574" >
    <step title="Functions App ZipDeploy. Run from package." date="2025-12-22T16:44:43.580" /><!-- duration: 5ms -->
    <step title="None repository commit" date="2025-12-22T16:44:43.594" >
      <step title="Commit id: 33b59cc6-e08c-4241-b322-8c62d7aee094" date="2025-12-22T16:44:43.597" Message="N/A" AuthorName="N/A" AuthorEmail="N/A" /><!-- duration: 3ms -->
    </step><!-- duration: 9ms -->
    <step title="Starting PushDeployAsync" date="2025-12-22T16:44:43.605" /><!-- duration: 2ms -->
    <step title="WEBSITE_RUN_FROM_PACKAGE is set to 1. Writing zip to SitePackagesPath" date="2025-12-22T16:44:43.642" /><!-- duration: 3ms -->
    <step title="Copying zip to SitePackages /home/data/SitePackages/20251222164443.zip from request body" date="2025-12-22T16:44:43.654" /><!-- duration: 8ms -->
    <step title="Writing multipart request body to /home/data/SitePackages/20251222164443.zip" date="2025-12-22T16:44:43.671" /><!-- duration: 9ms -->
    <step title="Deleting outdated zip file /home/data/SitePackages/20251222150819.zip" date="2025-12-22T16:44:43.748" /><!-- duration: 9ms -->
    <step title="Start deployment in the background" date="2025-12-22T16:44:43.778" >
      <step title="Acquiring Deployment Lock" date="2025-12-22T16:44:43.806" /><!-- duration: 2ms -->
      <step title="Acquired Deployment Lock" date="2025-12-22T16:44:43.940" /><!-- duration: 3ms -->
    </step><!-- duration: 270ms -->
  </step><!-- duration: 487ms -->
  <step title="Outgoing response" date="2025-12-22T16:44:44.082" type="response" statusCode="202" statusText="Accepted" /><!-- duration: 7ms -->
</step><!-- duration: 1540ms -->
