<step title="Incoming Request" date="2025-12-22T16:40:35.944" instance="f0e560" url="/api/zipdeploy?isAsync=true&amp;Deployer=az_cli_functions" method="POST" type="request" pid="770,1,5" Accept="*/*" Host="funtranslatorapizineb.scm.azurewebsites.net" User-Agent="AZURECLI/2.81.0 (HOMEBREW)" Accept-Encoding="gzip, deflate" Authorization="Bea..." Cache-Control="no-cache" Content-Type="application/octet-stream" Content-Length="6221" x-ms-client-request-id="e50f1084-df54-11f0-92d9-acde48001122" X-ARR-LOG-ID="e50f1084-df54-11f0-92d9-acde48001122" CLIENT-IP="197.230.166.242:10909" X-SITE-DEPLOYMENT-ID="funtranslatorapizineb" WAS-DEFAULT-HOSTNAME="funtranslatorapizineb.scm.azurewebsites.net" X-Forwarded-Proto="https" X-AppService-Proto="https" X-Forwarded-TlsVersion="1.3" X-WAWS-Unencoded-URL="/api/zipdeploy?isAsync=true&amp;Deployer=az_cli_functions" X-Client-IP="197.230.166.242" X-Client-Port="10909" >
  <step title="ZipPushDeploy" date="2025-12-22T16:40:36.538" >
    <step title="Functions App ZipDeploy. Run from package." date="2025-12-22T16:40:36.544" /><!-- duration: 4ms -->
    <step title="None repository commit" date="2025-12-22T16:40:36.554" >
      <step title="Commit id: 3f979053-fc1a-4283-9fa7-97025bdd702d" date="2025-12-22T16:40:36.557" Message="N/A" AuthorName="N/A" AuthorEmail="N/A" /><!-- duration: 2ms -->
    </step><!-- duration: 7ms -->
    <step title="Starting PushDeployAsync" date="2025-12-22T16:40:36.564" /><!-- duration: 3ms -->
    <step title="WEBSITE_RUN_FROM_PACKAGE is set to 1. Writing zip to SitePackagesPath" date="2025-12-22T16:40:36.580" /><!-- duration: 7ms -->
    <step title="Copying zip to SitePackages /home/data/SitePackages/20251222164036.zip from request body" date="2025-12-22T16:40:36.595" /><!-- duration: 4ms -->
    <step title="Writing multipart request body to /home/data/SitePackages/20251222164036.zip" date="2025-12-22T16:40:36.609" /><!-- duration: 16ms -->
    <step title="Deleting outdated zip file /home/data/SitePackages/20251222141531.zip" date="2025-12-22T16:40:36.816" /><!-- duration: 22ms -->
    <step title="Start deployment in the background" date="2025-12-22T16:40:36.853" >
      <step title="Acquiring Deployment Lock" date="2025-12-22T16:40:36.891" /><!-- duration: 10ms -->
      <step title="Acquired Deployment Lock" date="2025-12-22T16:40:36.934" /><!-- duration: 3ms -->
    </step><!-- duration: 165ms -->
  </step><!-- duration: 491ms -->
  <step title="Outgoing response" date="2025-12-22T16:40:37.058" type="response" statusCode="202" statusText="Accepted" /><!-- duration: 5ms -->
</step><!-- duration: 1149ms -->
