<step title="BackgroundTrace" date="2025-12-22T16:47:01.818" instance="f0e560" url="/api/zipdeploy" method="POST" >
  <step title="Creating temporary deployment - FetchDeploymentManager" date="2025-12-22T16:47:02.149" /><!-- duration: 9ms -->
  <step title="Creating temporary deployment" date="2025-12-22T16:47:02.188" /><!-- duration: 142ms -->
  <step title="Performing fetch based deployment" date="2025-12-22T16:47:02.433" >
    <step title="Deployment timer started" date="2025-12-22T16:47:05.812" >
      <step title="DeploymentManager.Deploy(id:bd8b6ebc-feac-4fc4-94e0-53d0994318a4)" date="2025-12-22T16:47:05.833" >
        <step title="Collecting changeset information" date="2025-12-22T16:47:05.879" /><!-- duration: 164ms -->
        <step title="Updating submodules" date="2025-12-22T16:47:06.059" /><!-- duration: 1440ms -->
        <step title="Determining deployment builder" date="2025-12-22T16:47:09.157" >
          <step title="Builder is RunFromZipSiteBuilder" date="2025-12-22T16:47:09.260" /><!-- duration: 50ms -->
        </step><!-- duration: 251ms -->
        <step title="PreDeployment: context.CleanOutputPath False" date="2025-12-22T16:47:11.318" >
          <step title="PreDeployment: context.OutputPath /home/site/wwwroot" date="2025-12-22T16:47:12.176" >
            <step title="Building" date="2025-12-22T16:47:13.142" >
              <step title="Triggering recycle (preview mode disabled)." date="2025-12-22T16:47:15.422" /><!-- duration: 58ms -->
              <step title="Modified file to trigger a restart of the app container." date="2025-12-22T16:47:15.682" /><!-- duration: 59ms -->
              <step title="Skip function trigger and logicapp sync because sku (Basic) is not dynamic (consumption plan)." date="2025-12-22T16:47:16.078" /><!-- duration: 87ms -->
              <step title="Purge deployment items" date="2025-12-22T16:47:23.573" >
                <step title="Remove 47561d2c-, Success, received at 12/16/2025 22:54:34" date="2025-12-22T16:47:23.784" /><!-- duration: 10ms -->
              </step><!-- duration: 230ms -->
            </step><!-- duration: 10983ms -->
          </step><!-- duration: 12024ms -->
          <step title="Cleaning up temp files" date="2025-12-22T16:47:24.221" /><!-- duration: 11ms -->
          <step title="Cleaning up temp files" date="2025-12-22T16:47:24.248" /><!-- duration: 677ms -->
          <step title="Reloading status file with latest updates" date="2025-12-22T16:47:25.372" >
            <step title="WebHooksManager.PublishEventAsync: PostDeployment" date="2025-12-22T16:47:25.399" /><!-- duration: 661ms -->
          </step><!-- duration: 796ms -->
          <step title="Cleaning up temporary deployment - fetch deployment was successful" date="2025-12-22T16:47:26.288" /><!-- duration: 9ms -->
        </step><!-- duration: 15958ms -->
      </step><!-- duration: 21590ms -->
