<step title="Incoming Request" date="2025-12-22T16:29:17.534" instance="f0e560" url="/api/zipdeploy?isAsync=true&amp;Deployer=az_cli_functions" method="POST" type="request" pid="769,1,7" Accept="*/*" Host="funtranslatorapizineb.scm.azurewebsites.net" User-Agent="AZURECLI/2.81.0 (HOMEBREW)" Accept-Encoding="gzip, deflate" Authorization="Bea..." Cache-Control="no-cache" Content-Type="application/octet-stream" Content-Length="650628652" x-ms-client-request-id="43172c5e-df53-11f0-ba52-acde48001122" X-ARR-LOG-ID="43172c5e-df53-11f0-ba52-acde48001122" CLIENT-IP="197.230.166.242:23965" X-SITE-DEPLOYMENT-ID="funtranslatorapizineb" WAS-DEFAULT-HOSTNAME="funtranslatorapizineb.scm.azurewebsites.net" X-Forwarded-Proto="https" X-AppService-Proto="https" X-Forwarded-TlsVersion="1.3" X-WAWS-Unencoded-URL="/api/zipdeploy?isAsync=true&amp;Deployer=az_cli_functions" X-Client-IP="197.230.166.242" X-Client-Port="23965" >
  <step title="ZipPushDeploy" date="2025-12-22T16:29:18.527" >
    <step title="Functions App ZipDeploy. Run from package." date="2025-12-22T16:29:18.566" /><!-- duration: 3ms -->
    <step title="None repository commit" date="2025-12-22T16:29:18.575" >
      <step title="Commit id: 9f2c529d-caa9-45ae-a432-6bf71ccd35e9" date="2025-12-22T16:29:18.577" Message="N/A" AuthorName="N/A" AuthorEmail="N/A" /><!-- duration: 2ms -->
    </step><!-- duration: 5ms -->
    <step title="Starting PushDeployAsync" date="2025-12-22T16:29:18.584" /><!-- duration: 8ms -->
    <step title="WEBSITE_RUN_FROM_PACKAGE is set to 1. Writing zip to SitePackagesPath" date="2025-12-22T16:29:18.972" /><!-- duration: 11ms -->
    <step title="Copying zip to SitePackages /home/data/SitePackages/20251222162918.zip from request body" date="2025-12-22T16:29:18.994" /><!-- duration: 10ms -->
    <step title="Writing multipart request body to /home/data/SitePackages/20251222162918.zip" date="2025-12-22T16:29:19.023" /><!-- duration: 7ms -->
