<step title="Incoming Request" date="2025-12-22T16:46:59.745" instance="f0e560" url="/api/zipdeploy?isAsync=true&amp;Deployer=az_cli_functions" method="POST" type="request" pid="770,1,5" Accept="*/*" Host="funtranslatorapizineb.scm.azurewebsites.net" User-Agent="AZURECLI/2.81.0 (HOMEBREW)" Accept-Encoding="gzip, deflate" Authorization="Bea..." Cache-Control="no-cache" Content-Type="application/octet-stream" Content-Length="5757" x-ms-client-request-id="c126be3c-df55-11f0-b5cc-acde48001122" X-ARR-LOG-ID="c126be3c-df55-11f0-b5cc-acde48001122" CLIENT-IP="197.230.166.242:28829" X-SITE-DEPLOYMENT-ID="funtranslatorapizineb" WAS-DEFAULT-HOSTNAME="funtranslatorapizineb.scm.azurewebsites.net" X-Forwarded-Proto="https" X-AppService-Proto="https" X-Forwarded-TlsVersion="1.3" X-WAWS-Unencoded-URL="/api/zipdeploy?isAsync=true&amp;Deployer=az_cli_functions" X-Client-IP="197.230.166.242" X-Client-Port="28829" >
  <step title="ZipPushDeploy" date="2025-12-22T16:47:01.144" >
    <step title="Functions App ZipDeploy. Run from package." date="2025-12-22T16:47:01.150" /><!-- duration: 4ms -->
    <step title="None repository commit" date="2025-12-22T16:47:01.159" >
      <step title="Commit id: bd8b6ebc-feac-4fc4-94e0-53d0994318a4" date="2025-12-22T16:47:01.161" Message="N/A" AuthorName="N/A" AuthorEmail="N/A" /><!-- duration: 4ms -->
    </step><!-- duration: 8ms -->
    <step title="Starting PushDeployAsync" date="2025-12-22T16:47:01.170" /><!-- duration: 3ms -->
    <step title="WEBSITE_RUN_FROM_PACKAGE is set to 1. Writing zip to SitePackagesPath" date="2025-12-22T16:47:01.186" /><!-- duration: 7ms -->
    <step title="Copying zip to SitePackages /home/data/SitePackages/20251222164701.zip from request body" date="2025-12-22T16:47:01.216" /><!-- duration: 28ms -->
    <step title="Writing multipart request body to /home/data/SitePackages/20251222164701.zip" date="2025-12-22T16:47:01.262" /><!-- duration: 34ms -->
    <step title="Deleting outdated zip file /home/data/SitePackages/20251222150934.zip" date="2025-12-22T16:47:01.681" /><!-- duration: 40ms -->
    <step title="Start deployment in the background" date="2025-12-22T16:47:01.805" >
      <step title="Acquiring Deployment Lock" date="2025-12-22T16:47:01.894" /><!-- duration: 57ms -->
      <step title="Acquired Deployment Lock" date="2025-12-22T16:47:02.127" /><!-- duration: 13ms -->
    </step><!-- duration: 528ms -->
  </step><!-- duration: 1200ms -->
  <step title="Outgoing response" date="2025-12-22T16:47:02.366" type="response" statusCode="202" statusText="Accepted" /><!-- duration: 8ms -->
</step><!-- duration: 2632ms -->
