<step title="Incoming Request" date="2025-12-22T16:54:07.992" instance="f0e560" url="/api/zipdeploy?isAsync=true&amp;Deployer=az_cli_functions" method="POST" type="request" pid="770,1,16" Accept="*/*" Host="funtranslatorapizineb.scm.azurewebsites.net" User-Agent="AZURECLI/2.81.0 (HOMEBREW)" Accept-Encoding="gzip, deflate" Authorization="Bea..." Cache-Control="no-cache" Content-Type="application/octet-stream" Content-Length="9527442" x-ms-client-request-id="cbbc74d0-df56-11f0-ab31-acde48001122" X-ARR-LOG-ID="cbbc74d0-df56-11f0-ab31-acde48001122" CLIENT-IP="197.230.166.242:60829" X-SITE-DEPLOYMENT-ID="funtranslatorapizineb" WAS-DEFAULT-HOSTNAME="funtranslatorapizineb.scm.azurewebsites.net" X-Forwarded-Proto="https" X-AppService-Proto="https" X-Forwarded-TlsVersion="1.3" X-WAWS-Unencoded-URL="/api/zipdeploy?isAsync=true&amp;Deployer=az_cli_functions" X-Client-IP="197.230.166.242" X-Client-Port="60829" >
  <step title="Cleanup Xml Logs" date="2025-12-22T16:54:07.995" /><!-- duration: 4ms -->
  <step title="ZipPushDeploy" date="2025-12-22T16:54:08.919" >
    <step title="Functions App ZipDeploy. Run from package." date="2025-12-22T16:54:08.932" /><!-- duration: 2ms -->
    <step title="None repository commit" date="2025-12-22T16:54:08.942" >
      <step title="Commit id: 7df51c50-85ba-4841-b648-bebeac9a05ed" date="2025-12-22T16:54:08.945" Message="N/A" AuthorName="N/A" AuthorEmail="N/A" /><!-- duration: 4ms -->
    </step><!-- duration: 9ms -->
    <step title="Starting PushDeployAsync" date="2025-12-22T16:54:08.954" /><!-- duration: 2ms -->
    <step title="WEBSITE_RUN_FROM_PACKAGE is set to 1. Writing zip to SitePackagesPath" date="2025-12-22T16:54:08.977" /><!-- duration: 10ms -->
    <step title="Copying zip to SitePackages /home/data/SitePackages/20251222165408.zip from request body" date="2025-12-22T16:54:08.995" /><!-- duration: 10ms -->
    <step title="Writing multipart request body to /home/data/SitePackages/20251222165408.zip" date="2025-12-22T16:54:09.025" /><!-- duration: 11ms -->
    <step title="Deleting outdated zip file /home/data/SitePackages/20251222163711.zip" date="2025-12-22T16:54:24.307" /><!-- duration: 9ms -->
    <step title="Start deployment in the background" date="2025-12-22T16:54:24.336" >
      <step title="Acquiring Deployment Lock" date="2025-12-22T16:54:24.373" /><!-- duration: 3ms -->
      <step title="Acquired Deployment Lock" date="2025-12-22T16:54:24.428" /><!-- duration: 2ms -->
    </step><!-- duration: 289ms -->
  </step><!-- duration: 15726ms -->
  <step title="Outgoing response" date="2025-12-22T16:54:24.670" type="response" statusCode="202" statusText="Accepted" /><!-- duration: 3ms -->
</step><!-- duration: 16683ms -->
