<step title="Incoming Request" date="2025-12-22T16:37:08.960" instance="f0e560" url="/api/zipdeploy?isAsync=true&amp;Deployer=az_cli_functions" method="POST" type="request" pid="769,1,7" Accept="*/*" Host="funtranslatorapizineb.scm.azurewebsites.net" User-Agent="AZURECLI/2.81.0 (HOMEBREW)" Accept-Encoding="gzip, deflate" Authorization="Bea..." Cache-Control="no-cache" Content-Type="application/octet-stream" Content-Length="6612" x-ms-client-request-id="66c4eb18-df54-11f0-98dd-acde48001122" X-ARR-LOG-ID="66c4eb18-df54-11f0-98dd-acde48001122" CLIENT-IP="197.230.166.242:40093" X-SITE-DEPLOYMENT-ID="funtranslatorapizineb" WAS-DEFAULT-HOSTNAME="funtranslatorapizineb.scm.azurewebsites.net" X-Forwarded-Proto="https" X-AppService-Proto="https" X-Forwarded-TlsVersion="1.3" X-WAWS-Unencoded-URL="/api/zipdeploy?isAsync=true&amp;Deployer=az_cli_functions" X-Client-IP="197.230.166.242" X-Client-Port="40093" >
  <step title="ZipPushDeploy" date="2025-12-22T16:37:11.427" >
    <step title="Functions App ZipDeploy. Run from package." date="2025-12-22T16:37:11.551" /><!-- duration: 2ms -->
    <step title="None repository commit" date="2025-12-22T16:37:11.686" >
      <step title="Commit id: 75af9524-99e1-4eba-a54b-1d8da3ead32d" date="2025-12-22T16:37:11.697" Message="N/A" AuthorName="N/A" AuthorEmail="N/A" /><!-- duration: 8ms -->
    </step><!-- duration: 21ms -->
    <step title="Starting PushDeployAsync" date="2025-12-22T16:37:11.716" /><!-- duration: 18ms -->
    <step title="WEBSITE_RUN_FROM_PACKAGE is set to 1. Writing zip to SitePackagesPath" date="2025-12-22T16:37:11.880" /><!-- duration: 18ms -->
    <step title="Copying zip to SitePackages /home/data/SitePackages/20251222163711.zip from request body" date="2025-12-22T16:37:11.964" /><!-- duration: 2ms -->
    <step title="Writing multipart request body to /home/data/SitePackages/20251222163711.zip" date="2025-12-22T16:37:11.988" /><!-- duration: 29ms -->
    <step title="Deleting outdated zip file /home/data/SitePackages/20251219123323.zip" date="2025-12-22T16:37:12.338" /><!-- duration: 42ms -->
    <step title="Deleting outdated zip file /home/data/SitePackages/20251218101314.zip" date="2025-12-22T16:37:12.416" /><!-- duration: 21ms -->
    <step title="Start deployment in the background" date="2025-12-22T16:37:12.522" >
      <step title="Acquiring Deployment Lock" date="2025-12-22T16:37:12.694" /><!-- duration: 38ms -->
      <step title="Acquired Deployment Lock" date="2025-12-22T16:37:13.094" /><!-- duration: 39ms -->
    </step><!-- duration: 1352ms -->
  </step><!-- duration: 2504ms -->
  <step title="Outgoing response" date="2025-12-22T16:37:14.087" type="response" statusCode="202" statusText="Accepted" /><!-- duration: 8ms -->
</step><!-- duration: 5137ms -->
