<step title="BackgroundTrace" date="2025-12-22T16:44:43.786" instance="f0e560" url="/api/zipdeploy" method="POST" >
  <step title="Creating temporary deployment - FetchDeploymentManager" date="2025-12-22T16:44:43.947" /><!-- duration: 2ms -->
  <step title="Creating temporary deployment" date="2025-12-22T16:44:43.952" /><!-- duration: 93ms -->
  <step title="Performing fetch based deployment" date="2025-12-22T16:44:44.112" >
    <step title="Deployment timer started" date="2025-12-22T16:44:47.371" >
      <step title="DeploymentManager.Deploy(id:33b59cc6-e08c-4241-b322-8c62d7aee094)" date="2025-12-22T16:44:47.378" >
        <step title="Collecting changeset information" date="2025-12-22T16:44:47.439" /><!-- duration: 144ms -->
        <step title="Updating submodules" date="2025-12-22T16:44:47.594" /><!-- duration: 1195ms -->
        <step title="Determining deployment builder" date="2025-12-22T16:44:49.053" >
          <step title="Builder is RunFromZipSiteBuilder" date="2025-12-22T16:44:49.063" /><!-- duration: 3ms -->
        </step><!-- duration: 22ms -->
        <step title="PreDeployment: context.CleanOutputPath False" date="2025-12-22T16:44:49.147" >
          <step title="PreDeployment: context.OutputPath /home/site/wwwroot" date="2025-12-22T16:44:49.352" >
            <step title="Building" date="2025-12-22T16:44:49.541" >
              <step title="Triggering recycle (preview mode disabled)." date="2025-12-22T16:44:50.884" /><!-- duration: 4ms -->
              <step title="Modified file to trigger a restart of the app container." date="2025-12-22T16:44:50.932" /><!-- duration: 2ms -->
              <step title="Skip function trigger and logicapp sync because sku (Basic) is not dynamic (consumption plan)." date="2025-12-22T16:44:50.964" /><!-- duration: 3ms -->
              <step title="Purge deployment items" date="2025-12-22T16:44:52.383" >
                <step title="Remove e1eea651-, Success, received at 12/16/2025 22:50:47" date="2025-12-22T16:44:52.449" /><!-- duration: 2ms -->
              </step><!-- duration: 72ms -->
            </step><!-- duration: 3017ms -->
          </step><!-- duration: 3210ms -->
          <step title="Cleaning up temp files" date="2025-12-22T16:44:52.564" /><!-- duration: 5ms -->
          <step title="Cleaning up temp files" date="2025-12-22T16:44:52.572" /><!-- duration: 520ms -->
          <step title="Reloading status file with latest updates" date="2025-12-22T16:44:53.198" >
            <step title="WebHooksManager.PublishEventAsync: PostDeployment" date="2025-12-22T16:44:53.278" /><!-- duration: 341ms -->
          </step><!-- duration: 470ms -->
          <step title="Cleaning up temporary deployment - fetch deployment was successful" date="2025-12-22T16:44:53.685" /><!-- duration: 206ms -->
        </step><!-- duration: 4888ms -->
      </step><!-- duration: 6707ms -->
