﻿<?xml version="1.0" encoding="utf-8"?>
<deployment>
  <id>33b59cc6-e08c-4241-b322-8c62d7aee094</id>
  <author>N/A</author>
  <deployer>az_cli_functions</deployer>
  <authorEmail>N/A</authorEmail>
  <message>Created via a push deployment</message>
  <progress></progress>
  <status>Success</status>
  <statusText></statusText>
  <lastSuccessEndTime>2025-12-22T16:44:51.5091023Z</lastSuccessEndTime>
  <receivedTime>2025-12-22T16:44:47.4923488Z</receivedTime>
  <startTime>2025-12-22T16:44:48.966234Z</startTime>
  <endTime>2025-12-22T16:44:51.5091023Z</endTime>
  <complete>True</complete>
  <is_temp>False</is_temp>
  <is_readonly>True</is_readonly>
  <buildSummary />
</deployment>