﻿<?xml version="1.0" encoding="utf-8"?>
<deployment>
  <id>da64a1db-fef2-4fc9-a9c5-e54f994a2747</id>
  <author>N/A</author>
  <deployer>Push-Deployer</deployer>
  <authorEmail>N/A</authorEmail>
  <message>Created via a push deployment</message>
  <progress></progress>
  <status>Success</status>
  <statusText></statusText>
  <lastSuccessEndTime>2025-12-22T15:10:07.0805895Z</lastSuccessEndTime>
  <receivedTime>2025-12-22T15:10:03.2987993Z</receivedTime>
  <startTime>2025-12-22T15:10:05.0379905Z</startTime>
  <endTime>2025-12-22T15:10:07.0805895Z</endTime>
  <complete>True</complete>
  <is_temp>False</is_temp>
  <is_readonly>True</is_readonly>
  <buildSummary />
</deployment>