﻿<?xml version="1.0" encoding="utf-8"?>
<deployment>
  <id>3f979053-fc1a-4283-9fa7-97025bdd702d</id>
  <author>N/A</author>
  <deployer>az_cli_functions</deployer>
  <authorEmail>N/A</authorEmail>
  <message>Created via a push deployment</message>
  <progress></progress>
  <status>Success</status>
  <statusText></statusText>
  <lastSuccessEndTime>2025-12-22T16:40:43.63988Z</lastSuccessEndTime>
  <receivedTime>2025-12-22T16:40:40.5098406Z</receivedTime>
  <startTime>2025-12-22T16:40:42.0575533Z</startTime>
  <endTime>2025-12-22T16:40:43.63988Z</endTime>
  <complete>True</complete>
  <is_temp>False</is_temp>
  <is_readonly>True</is_readonly>
  <buildSummary />
</deployment>